link,name,position,Crossing,Finishing,Heading Accuracy,Short Passing,Volleys,Dribbling,Curve,Free Kick Accuracy,Long Passing,Ball Control,Acceleration,Sprint Speed,Agility,Reactions,Balance,Shot Power,Jumping,Stamina,Strength,Long Shots,Aggression,Interceptions,Positioning,Vision,Penalties,Composure,Marking,Standing Tackle,Sliding Tackle,GK Diving,GK Handling,GK Kicking,GK Positioning,GK Reflexes
http://sofifa.com/player/158023,Lionel Messi ,RW,77,95,71,88,85,97,89,90,87,95,92,87,90,95,95,85,68,74,59,88,48,22,93,90,74,94,13,28,26,6,11,15,14,8
http://sofifa.com/player/167664,Gonzalo Higuain ,ST,68,92,80,73,88,84,69,62,59,85,79,81,75,86,69,86,77,73,85,80,50,20,92,70,70,84,12,22,18,5,12,7,5,10
http://sofifa.com/player/153079,Sergio Aguero ,ST,70,90,68,79,85,89,82,72,63,89,92,86,86,88,90,87,80,74,73,84,57,24,91,83,80,90,13,20,12,13,15,6,11,14
http://sofifa.com/player/183898,Angel Di Maria ,RW CM CAM,88,74,53,83,77,87,83,72,82,87,86,86,90,80,79,87,72,78,64,79,76,38,82,85,73,80,37,59,56,10,7,11,12,11
http://sofifa.com/player/211110,Paulo Dybala ,ST CF,78,89,65,80,86,91,86,82,63,91,91,86,91,85,85,82,75,81,65,86,48,24,85,80,82,82,14,20,20,5,4,4,5,8
http://sofifa.com/player/184144,Nicolas Gaitan ,LM,83,73,54,82,81,86,88,72,78,85,85,80,87,84,81,72,68,71,50,74,57,40,79,82,71,80,30,42,43,8,11,9,7,5
http://sofifa.com/player/192366,Nicolas Otamendi ,CB,52,53,86,64,56,41,50,39,66,60,68,75,71,78,62,69,90,78,82,56,89,84,49,45,44,74,83,85,85,12,5,8,11,12
http://sofifa.com/player/178562,Ever Banega ,CAM,80,67,45,88,65,81,83,81,85,85,73,69,84,84,86,74,59,69,67,77,77,70,79,88,67,82,57,75,61,13,8,7,7,10
http://sofifa.com/player/142754,Javier Mascherano ,CB CDM,63,42,68,79,51,58,63,50,75,80,67,65,71,83,78,76,75,86,74,55,88,90,51,68,60,86,82,84,83,6,10,8,5,5
http://sofifa.com/player/201399,Mauro Icardi ,ST,43,89,83,73,81,75,58,45,54,79,78,80,75,83,76,81,90,72,76,70,35,22,89,58,74,74,17,21,21,13,9,5,7,9
http://sofifa.com/player/191180,Javier Pastore ,CM LW RW,78,73,63,87,78,88,83,69,83,87,72,75,85,84,58,78,49,75,66,76,65,69,80,88,75,75,49,59,51,14,9,6,10,12
http://sofifa.com/player/215316,Geronimo Rulli ,GK,12,15,12,32,16,15,19,20,23,15,54,48,58,77,50,24,68,42,73,17,26,21,12,58,24,30,16,13,17,85,79,75,82,86
http://sofifa.com/player/201862,Marcos Rojo ,CB LB,76,52,85,72,49,69,67,57,73,71,74,74,71,79,62,79,86,81,83,63,89,80,59,57,64,67,79,83,83,7,8,12,15,10
http://sofifa.com/player/186547,Mateo Musacchio ,CB,55,48,81,78,36,43,53,45,70,73,75,70,73,81,59,57,83,72,81,53,81,85,50,64,57,70,85,84,86,5,11,12,6,12
http://sofifa.com/player/142780,Gonzalo Rodriguez ,CB,38,44,86,72,22,62,50,46,76,72,68,68,64,80,60,68,86,66,80,36,80,86,32,64,74,76,84,86,82,12,4,11,12,9
http://sofifa.com/player/170481,Ezequiel Garay ,CB,62,58,85,69,49,62,55,74,72,73,50,54,57,77,38,80,71,75,85,68,74,84,49,63,69,79,84,85,82,14,6,13,13,14
http://sofifa.com/player/142784,Pablo Zabaleta ,RB,75,49,76,72,53,73,68,66,64,76,67,68,71,86,66,66,84,85,79,57,88,86,71,66,64,70,86,85,84,10,14,15,7,5
http://sofifa.com/player/158963,Lucas Biglia ,CDM CM,74,52,54,83,78,76,71,76,82,84,74,69,76,80,78,77,62,80,72,75,83,82,55,80,72,80,70,80,77,14,12,7,12,7
http://sofifa.com/player/176915,Augusto Fernandez ,CM CDM,70,69,59,82,57,78,65,61,81,82,67,71,75,85,75,74,59,79,73,73,80,77,78,82,62,81,57,76,64,9,13,6,16,9
http://sofifa.com/player/193061,Roberto Pereyra ,CM CAM,78,61,60,83,74,84,78,72,77,85,81,81,82,76,75,66,65,83,64,72,66,70,80,82,72,78,64,70,70,4,5,3,4,8
http://sofifa.com/player/170368,Erik Lamela ,RM LM,77,75,71,83,80,86,83,79,73,83,81,77,78,77,71,80,64,82,57,82,74,43,79,81,75,73,37,47,39,10,15,11,8,13
http://sofifa.com/player/143076,Alejandro Gomez ,LW,80,69,36,80,72,86,76,69,72,87,92,86,92,76,94,69,70,78,48,76,56,40,76,76,69,72,24,30,34,8,11,12,9,6
http://sofifa.com/player/183893,Claudio Yacob ,CDM CM,34,58,78,83,23,66,52,55,74,76,55,51,59,77,68,63,76,83,70,67,85,84,42,69,66,79,77,81,74,6,6,12,9,8
http://sofifa.com/player/183900,Diego Perotti ,CF LW,79,66,57,82,60,86,72,64,69,87,85,79,80,80,79,73,64,76,55,75,51,36,78,84,80,76,24,31,22,5,8,14,6,8
http://sofifa.com/player/179847,Federico Fazio ,CB,44,41,87,64,35,48,46,37,62,69,33,32,29,77,33,63,44,69,89,26,82,81,32,47,33,82,80,83,77,8,9,12,11,14
http://sofifa.com/player/165536,Gustavo Cabral ,CB,35,22,81,74,28,49,33,48,59,61,52,51,59,76,63,50,86,74,78,29,84,80,40,49,47,59,82,79,84,11,7,11,7,11
http://sofifa.com/player/143587,Fernando Belluschi ,CAM CM,81,69,58,81,75,77,85,80,80,82,69,70,78,80,74,83,67,63,67,80,73,69,74,86,75,85,45,65,59,11,9,12,13,7
http://sofifa.com/player/173306,Cristian Ansaldi ,LB RB,78,57,70,75,51,72,62,45,72,74,79,83,79,81,66,60,70,87,69,66,73,75,65,70,52,81,79,77,83,15,15,11,8,8
http://sofifa.com/player/190972,Eduardo Salvio ,RM,77,73,67,74,72,81,75,64,70,82,91,90,85,77,84,75,87,73,62,73,67,52,80,70,60,78,40,38,33,9,11,9,5,14
http://sofifa.com/player/201988,Federico Fernandez ,CB,23,26,80,70,21,39,49,42,56,66,54,53,48,72,48,27,76,68,79,29,78,82,36,44,42,72,82,79,78,12,12,13,14,12
http://sofifa.com/player/215051,Lisandro Lopez ,CB,33,50,82,66,59,61,37,32,58,68,64,69,66,79,55,69,88,73,80,44,80,81,38,41,48,75,77,78,80,14,12,8,6,13
http://sofifa.com/player/188988,Manuel Lanzini ,CAM LM,74,69,56,77,61,85,75,72,75,85,85,79,87,73,88,73,76,79,45,72,35,23,72,76,68,72,20,26,25,14,9,6,7,15
http://sofifa.com/player/173373,Sergio Romero ,GK,11,14,12,38,17,12,12,13,36,25,44,42,52,79,44,14,63,35,75,11,33,21,11,42,16,52,14,11,15,76,70,81,76,82
http://sofifa.com/player/207441,Luciano Vietto ,ST,66,82,69,79,81,86,83,70,59,85,78,75,79,82,87,70,74,69,57,75,66,35,83,73,69,71,23,40,32,14,14,8,8,12
http://sofifa.com/player/153179,Pablo Batalla ,CAM,80,73,79,83,72,80,76,78,80,78,74,72,83,78,86,72,72,76,65,72,74,42,75,81,82,75,31,45,31,8,12,14,12,11
http://sofifa.com/player/142707,Lisandro Lopez ,ST,66,79,76,75,74,77,76,73,68,80,75,80,82,76,79,77,79,82,73,75,57,59,81,71,84,79,25,55,24,8,10,11,13,6
http://sofifa.com/player/165501,Nicolas Pareja ,CB,65,51,80,81,49,59,70,78,82,78,52,41,45,82,61,77,69,52,77,69,83,80,43,56,69,83,77,80,76,14,14,15,14,13
http://sofifa.com/player/142721,Marcelo Barovero ,GK,14,13,13,36,18,19,19,19,23,12,35,35,32,76,59,14,77,34,43,19,34,16,17,51,20,51,14,16,14,78,75,69,80,80
http://sofifa.com/player/152999,Rodrigo Palacio ,ST,70,80,76,74,78,83,78,67,60,85,83,79,82,78,83,70,80,69,62,62,79,39,85,76,79,80,31,33,30,17,14,17,17,17
http://sofifa.com/player/214997,Angel Correa ,ST CAM RM LM,64,81,61,65,77,87,82,65,56,85,86,80,87,82,83,78,54,69,59,82,41,45,79,69,55,71,46,51,44,13,10,9,8,16
http://sofifa.com/player/176376,Ignacio Piatti ,LW LM CAM CF,69,76,45,76,72,83,76,64,70,83,80,75,84,80,79,80,46,80,67,75,66,50,80,77,70,82,40,46,33,14,13,7,7,15
http://sofifa.com/player/215054,Victor Cuesta ,CB,43,48,83,70,27,58,32,34,68,65,62,58,55,75,54,47,80,76,80,43,76,82,55,50,44,55,78,78,75,8,12,11,8,15
http://sofifa.com/player/143121,Jose Sosa ,CM CAM,78,68,50,80,77,80,86,85,78,82,77,77,78,74,77,79,52,75,69,73,69,60,76,82,75,78,54,64,60,11,15,13,6,9
http://sofifa.com/player/176919,Nahuel Guzman ,GK,20,10,15,39,12,21,18,22,46,25,51,52,70,78,53,25,66,38,78,17,33,29,19,55,12,30,12,13,12,77,76,71,78,80
http://sofifa.com/player/139062,Willy Caballero ,GK,12,11,22,33,13,12,23,11,48,30,49,54,39,75,55,23,70,44,76,14,30,22,7,38,16,56,15,11,12,79,75,69,78,80
http://sofifa.com/player/215353,Lucas Alario ,ST,48,80,81,68,78,74,49,40,48,77,73,70,69,69,70,74,90,71,79,62,72,19,85,64,70,66,23,19,16,8,15,7,15,15
http://sofifa.com/player/134979,Martin Demichelis ,CB,53,39,84,66,36,33,27,31,63,53,33,34,32,72,55,48,72,54,85,35,87,75,29,40,46,85,77,81,71,7,11,12,7,6
http://sofifa.com/player/207939,Guido Pizarro ,CDM CM,62,59,60,80,62,68,66,54,72,72,60,57,61,72,49,66,71,91,80,65,87,80,67,71,60,74,72,75,73,7,12,16,15,7
http://sofifa.com/player/224334,Marcos Acuna ,LM,84,61,55,76,37,79,78,78,71,76,85,84,81,72,84,77,69,89,70,82,74,63,66,78,43,76,53,58,54,8,14,13,13,14
http://sofifa.com/player/196432,Enzo Perez ,CM CDM,66,66,58,85,58,67,62,63,73,82,74,67,76,78,78,79,75,88,74,68,86,80,69,73,82,83,71,80,78,9,11,7,15,13
http://sofifa.com/player/172114,Diego Valeri ,CAM CM,78,70,65,78,68,76,80,79,76,78,69,67,73,80,73,79,68,69,64,84,53,36,79,82,71,80,30,33,30,15,15,8,10,12
http://sofifa.com/player/183899,Pablo Piatti ,LW LM,76,73,71,75,72,82,81,58,63,78,88,79,85,73,91,63,76,65,52,70,55,51,80,74,59,68,36,35,38,10,8,13,8,10
http://sofifa.com/player/205408,Santiago Gentiletti ,CB,49,13,76,63,30,60,61,63,67,65,69,69,61,76,62,78,78,55,79,48,80,79,29,52,43,74,80,80,78,14,9,12,6,14
http://sofifa.com/player/216692,Sebastian Torrico ,GK,18,20,14,23,18,17,14,21,18,22,48,49,32,72,51,24,60,25,58,12,20,21,13,37,21,26,14,14,15,77,72,75,80,80
http://sofifa.com/player/201095,Agustin Marchesin ,GK,18,14,11,37,15,24,16,15,34,20,49,52,68,75,60,12,75,38,59,12,27,15,18,65,14,49,14,15,15,73,75,74,80,81
http://sofifa.com/player/165560,Marco Ruben ,ST,60,83,75,68,68,72,64,56,58,80,77,76,71,78,72,75,80,68,73,67,65,46,82,70,74,75,31,40,27,6,16,7,7,11
http://sofifa.com/player/170719,Diego Buonanotte ,CAM,74,63,36,80,61,80,83,76,74,81,77,79,93,57,96,69,57,63,36,81,30,25,70,80,71,71,14,31,18,15,16,16,9,13
http://sofifa.com/player/160741,David Abraham ,CB,44,48,79,74,65,54,54,63,73,64,77,85,61,76,54,77,78,68,79,53,80,74,42,55,56,73,76,80,78,6,10,12,9,8
http://sofifa.com/player/198140,Rogelio Funes Mori ,ST,65,81,76,70,74,75,75,58,65,76,83,77,79,75,73,75,82,83,77,68,80,49,80,72,70,76,47,45,44,8,10,15,6,15
http://sofifa.com/player/200197,Nicolas Blandi ,ST,55,82,80,73,77,65,55,54,63,76,67,65,79,78,60,75,79,74,64,72,47,41,86,43,78,79,33,30,27,13,10,15,15,15
http://sofifa.com/player/210950,Pablo De Blasis ,LM RM ST,68,71,71,74,60,82,77,62,66,80,87,76,93,76,95,75,92,77,45,73,72,28,72,71,70,74,37,39,37,13,11,8,8,8
http://sofifa.com/player/215061,Dario Benedetto ,ST,61,74,75,68,71,74,67,57,65,73,78,84,76,75,66,81,88,74,71,80,64,28,77,69,66,70,25,27,27,10,14,12,8,11
http://sofifa.com/player/188955,Gustavo Bou ,ST,66,78,74,67,70,73,63,71,60,75,76,75,67,77,74,80,77,82,76,72,52,39,79,69,71,73,19,22,21,6,6,15,16,7
http://sofifa.com/player/139038,Nicolas Burdisso ,CB,34,34,80,54,19,40,40,21,55,52,68,55,50,71,62,24,89,55,73,23,85,77,25,38,41,69,79,79,78,8,13,11,8,12
http://sofifa.com/player/173857,Mariano Andujar ,GK,14,11,10,23,11,16,13,16,23,20,45,45,40,71,40,25,70,38,70,10,39,20,13,40,23,60,11,18,19,77,76,64,79,78
http://sofifa.com/player/215079,Pablo Perez ,CM,69,61,58,78,39,69,65,72,76,79,70,71,74,81,77,69,60,86,76,65,92,71,69,80,59,73,66,77,73,10,7,16,15,14
http://sofifa.com/player/214584,Franco Armani ,GK,18,11,11,24,15,19,14,16,21,19,30,34,36,76,34,20,57,25,72,17,18,20,18,55,20,28,14,13,13,76,73,67,79,77
http://sofifa.com/player/205633,Lucas Castro ,CM RM,78,60,58,78,67,80,76,68,74,80,79,79,77,76,78,77,66,78,74,72,59,69,75,77,68,77,49,65,61,6,7,9,15,5
http://sofifa.com/player/193601,German Pezzella ,CB,43,53,83,60,32,47,46,25,54,66,53,54,32,77,48,54,82,64,78,51,81,79,58,22,35,34,75,77,78,7,9,13,10,15
http://sofifa.com/player/207439,Leandro Paredes ,CDM CM,74,55,60,83,73,77,79,71,80,82,75,69,77,74,77,80,61,79,71,76,79,72,64,82,57,74,64,75,72,9,14,6,9,10
http://sofifa.com/player/223061,Franco Cervi ,LM CAM RM,70,64,48,74,55,83,70,50,63,79,91,88,92,78,86,68,60,72,41,65,60,33,72,73,56,58,39,50,38,12,8,9,11,10
http://sofifa.com/player/153177,Mauro Zarate ,ST CF,66,78,56,72,78,86,81,79,60,87,82,78,86,75,74,80,69,69,62,82,66,38,78,63,70,72,22,34,30,7,16,16,6,12
http://sofifa.com/player/210787,Mauro Dos Santos ,CB,52,37,69,69,32,39,53,43,56,66,61,66,64,68,61,52,79,72,80,33,81,73,37,36,46,53,81,80,83,8,14,6,13,12
http://sofifa.com/player/188268,Lautaro Acosta ,LW RW,57,69,55,78,71,80,65,45,66,77,92,94,88,78,90,77,75,68,39,68,73,42,76,77,63,74,26,30,24,12,6,14,12,9
http://sofifa.com/player/190577,Sebastian Blanco ,LM,76,65,73,77,76,75,59,60,74,77,79,81,89,76,80,77,66,84,48,74,63,33,70,75,61,65,18,22,32,9,7,9,13,12
http://sofifa.com/player/138123,Esteban Cambiasso ,CM CDM,70,68,70,79,75,67,67,59,73,80,55,55,63,80,73,75,70,60,73,72,75,80,73,71,75,87,69,77,73,9,7,13,7,15
http://sofifa.com/player/215181,Gino Peruzzi ,RB,68,38,58,69,40,68,66,50,66,70,81,86,73,76,70,68,74,83,65,60,74,83,55,53,46,72,72,75,76,10,13,9,5,8
http://sofifa.com/player/165517,Fernando Gago ,CM,64,47,59,80,55,71,66,67,76,77,63,66,72,78,70,76,72,67,59,68,72,78,64,81,69,58,73,78,75,7,10,12,8,12
http://sofifa.com/player/161938,Mauro Boselli ,ST,57,81,84,70,65,69,60,53,61,76,64,66,62,74,55,74,78,67,81,66,70,23,82,65,75,72,22,35,33,7,14,6,7,14
http://sofifa.com/player/165531,Ismael Sosa ,RM ST,69,76,71,76,56,76,70,54,65,76,91,89,83,70,70,76,68,75,70,70,67,50,77,73,60,78,39,47,39,14,11,8,11,12
http://sofifa.com/player/210333,Alexander Szymanowski ,LM LW,78,77,67,74,66,77,69,57,63,73,91,87,84,72,87,68,55,75,60,67,55,23,75,76,70,71,33,42,45,11,8,10,12,6
http://sofifa.com/player/183966,Facundo Roncaglia ,CB RB LB,68,38,70,69,25,59,67,52,81,69,63,71,65,72,69,80,80,68,73,73,74,80,51,59,35,70,75,81,80,15,14,15,6,15
http://sofifa.com/player/214955,Emmanuel Mas ,LB,68,55,75,73,60,72,64,50,67,75,82,80,70,74,66,72,80,91,76,65,74,75,76,70,57,64,71,73,78,7,7,15,14,16
http://sofifa.com/player/142775,Agustin Orion ,GK,10,13,13,20,10,13,13,11,11,20,44,44,49,72,52,12,55,37,73,15,35,23,19,42,18,27,16,14,16,74,79,75,81,74
http://sofifa.com/player/214977,Matias Kranevitter ,CDM CM,60,42,56,74,33,67,47,44,72,73,64,67,65,71,76,61,74,81,70,44,80,82,53,66,46,74,72,83,79,12,13,7,6,7
http://sofifa.com/player/143068,Matias Delgado ,CAM CF,76,71,56,80,69,74,84,81,78,81,71,62,74,65,72,71,56,72,81,73,65,61,72,83,84,78,13,13,15,10,14,12,6,11
http://sofifa.com/player/189153,Mauro Diaz ,CAM,70,67,54,76,62,78,75,74,72,79,79,69,88,79,86,70,59,69,54,66,60,32,76,79,69,75,45,45,32,12,9,6,8,16
http://sofifa.com/player/173030,Oscar Trejo ,CAM CM RM,74,73,66,78,72,82,74,72,72,80,69,76,83,70,77,73,63,81,70,70,70,62,70,79,70,73,59,65,55,14,14,7,16,11
http://sofifa.com/player/172018,Jonatan Maidana ,CB,59,32,76,55,42,39,45,46,78,61,51,68,58,76,49,45,81,64,82,32,82,74,50,55,46,73,82,80,72,12,9,14,14,14
http://sofifa.com/player/199667,Ramiro Funes Mori ,CB,73,40,80,67,25,63,49,58,55,69,69,75,66,71,61,69,78,75,79,59,83,73,49,47,52,46,75,78,76,9,9,13,10,7
http://sofifa.com/player/219391,Gonzalo Escalante ,CDM CM RM,63,56,44,78,59,70,63,52,66,71,64,68,66,78,64,77,62,85,69,58,84,81,59,67,64,80,70,84,78,10,12,7,12,11
http://sofifa.com/player/215042,Gaston Lezcano ,LW RW,73,72,68,66,62,80,64,65,64,76,87,84,84,74,87,81,81,78,69,75,61,23,76,62,65,75,20,18,18,7,11,14,8,9
http://sofifa.com/player/204555,Ricardo Alvarez ,CAM CF,80,68,64,77,73,81,78,76,77,81,64,67,74,75,56,76,74,69,76,75,63,53,73,73,63,74,45,58,54,5,11,11,14,10
http://sofifa.com/player/204050,Santiago Vergini ,CB,63,33,74,69,27,54,39,50,65,71,33,50,54,64,49,45,48,70,89,38,68,78,51,59,49,65,76,81,71,6,7,6,13,8
http://sofifa.com/player/211489,Jonathan Gomez ,CAM,69,70,43,74,64,76,69,56,75,74,79,76,84,69,80,62,44,68,58,73,68,42,73,79,77,63,34,35,37,12,14,10,10,7
http://sofifa.com/player/186405,Franco Di Santo ,ST,60,74,75,71,80,76,70,49,57,78,66,78,67,75,59,79,61,72,77,72,76,38,76,67,75,73,22,30,23,7,10,10,10,9
http://sofifa.com/player/139064,Leonardo Ponzio ,CDM,67,47,65,75,41,65,57,70,74,74,66,48,75,78,67,79,77,66,69,70,80,76,69,69,70,73,79,76,77,16,9,10,14,12
http://sofifa.com/player/211256,Nicolas Tagliafico ,LB,68,33,73,69,33,71,61,40,68,73,91,93,83,68,82,66,84,79,62,63,73,74,60,55,46,60,71,73,74,13,9,10,15,16
http://sofifa.com/player/138810,Alejandro Dominguez ,CAM CF CM,70,73,56,78,73,77,83,75,74,80,64,61,71,71,75,80,44,40,67,81,60,28,76,73,78,68,34,24,47,9,11,9,16,12
http://sofifa.com/player/212541,Leonel Vangioni ,LB,76,51,56,69,61,71,71,51,69,74,88,85,77,70,69,78,73,85,60,73,85,75,68,64,62,68,72,72,73,9,9,9,11,7
http://sofifa.com/player/219455,Jonathan Calleri ,ST,56,75,80,66,71,71,57,35,58,74,75,77,72,77,79,77,81,71,76,69,65,37,79,69,62,73,29,39,32,11,12,8,8,6
http://sofifa.com/player/205632,Lucas Ocampos ,RM LW LM,75,69,73,76,61,79,77,65,69,79,77,79,82,76,58,76,70,68,78,67,33,55,74,73,64,45,40,44,44,11,8,15,12,7
http://sofifa.com/player/213582,Alan Ruiz ,CF CAM ST,77,74,63,77,82,85,75,72,78,83,62,64,74,72,72,81,55,75,76,84,42,30,70,79,66,81,29,33,31,7,7,16,13,16
http://sofifa.com/player/152916,Rubens Sambueza ,LM RM CM,78,66,57,77,61,75,82,75,78,79,73,73,73,75,74,75,67,80,75,72,85,60,68,80,70,83,40,48,46,8,6,8,9,16
http://sofifa.com/player/183892,Gabriel Mercado ,RB CB,63,52,77,65,25,53,56,54,64,66,77,79,55,72,52,63,76,81,83,55,84,81,61,60,49,73,76,75,78,12,16,10,12,6
http://sofifa.com/player/142959,Mariano Barbosa ,GK,12,11,13,38,12,15,11,12,36,17,42,43,48,75,47,25,63,31,62,12,37,22,12,17,24,65,13,15,11,75,73,79,71,78
http://sofifa.com/player/190576,Matias Caruzzo ,CB,46,36,71,61,21,22,55,64,58,61,53,54,70,78,57,25,72,78,80,25,81,78,33,59,57,69,82,74,70,9,13,9,6,6
http://sofifa.com/player/165490,Mariano Izco ,CM CDM,70,58,60,78,60,78,68,50,74,78,69,75,69,76,68,82,55,78,74,70,72,75,61,77,60,77,68,74,64,5,14,15,10,8
http://sofifa.com/player/215985,Fernando Monetti ,GK,19,19,23,37,19,19,23,13,25,23,56,57,48,66,59,24,59,32,64,15,29,18,15,46,24,21,18,14,24,78,78,75,71,80
http://sofifa.com/player/215254,Luciano Lollo ,CB,34,25,77,60,28,37,27,29,32,55,37,37,47,74,52,42,90,55,87,25,73,72,33,30,69,70,79,80,72,11,11,8,9,10
http://sofifa.com/player/215259,Emiliano Rigoni ,RW LW,78,74,50,74,69,76,77,80,73,75,82,80,77,68,77,68,57,74,58,73,44,30,73,82,60,58,46,41,55,16,6,10,8,16
http://sofifa.com/player/208607,Martin Mantovani ,CB,47,37,79,76,55,53,63,45,68,68,52,49,53,73,61,59,63,77,82,34,92,74,46,33,42,42,75,75,67,9,9,11,14,12
http://sofifa.com/player/219626,Jose Luis Gomez ,RB RM,64,52,55,72,35,67,57,35,64,71,93,92,85,74,85,64,79,85,43,56,68,85,60,54,45,69,64,69,71,13,11,13,7,7
http://sofifa.com/player/158956,Julio Alberto Barroso ,CB,51,43,76,65,46,43,25,55,64,67,73,72,63,76,69,64,90,77,81,52,51,75,44,59,70,72,80,77,75,11,16,8,9,10
http://sofifa.com/player/179696,Emiliano Insua ,LB,76,50,72,76,64,73,59,68,73,74,64,63,67,76,69,85,72,79,79,76,79,80,70,67,66,76,76,77,77,11,10,9,8,16
http://sofifa.com/player/167669,Federico Higuain ,CAM,68,68,62,73,68,76,79,77,75,76,74,69,72,76,76,73,64,67,59,77,65,43,74,78,62,75,43,47,40,7,16,11,12,15
http://sofifa.com/player/214781,Silvio Romero ,ST,63,75,70,69,71,70,70,45,62,76,80,81,80,77,70,78,61,70,73,66,68,26,76,74,76,73,28,47,36,8,12,11,16,9
http://sofifa.com/player/215057,Ivan Marcone ,CDM,58,46,70,77,49,69,59,60,81,70,55,39,58,72,59,73,41,80,80,64,80,77,56,61,59,63,69,73,67,16,11,12,16,10
http://sofifa.com/player/204819,Emiliano Sala ,ST,54,75,79,64,64,69,44,41,45,77,59,69,64,75,55,74,72,86,82,66,74,43,79,56,67,76,25,19,14,7,11,7,9,7
http://sofifa.com/player/146963,Javier Pinola ,CB,65,38,65,75,46,64,65,55,66,73,69,68,64,76,68,72,82,62,72,59,80,73,55,56,38,72,80,74,76,8,12,11,7,11
http://sofifa.com/player/215321,Jonathan Schunke ,CB,35,26,82,73,35,32,29,32,73,62,30,34,28,79,29,33,34,62,91,23,74,68,24,29,62,74,79,77,64,7,11,6,13,12
http://sofifa.com/player/215071,Milton Casco ,LB,68,58,62,70,21,70,68,58,65,72,85,85,84,66,84,78,82,89,60,68,78,71,70,53,46,57,70,72,75,15,8,13,12,6
http://sofifa.com/player/110381,Maximiliano Rodriguez ,LM CAM,76,76,61,78,76,77,76,71,75,81,67,68,72,73,70,81,70,55,73,80,73,47,75,74,77,86,31,30,26,15,11,15,9,9
http://sofifa.com/player/138798,German Lux ,GK,12,13,13,12,12,11,13,12,29,35,29,32,56,75,55,12,68,43,72,11,45,17,11,49,12,43,15,13,14,74,69,78,75,78
http://sofifa.com/player/138806,Maximiliano Lopez ,ST,54,79,78,70,74,72,70,56,48,76,55,59,58,70,55,76,63,53,82,60,63,20,81,65,73,75,15,21,15,14,14,10,9,9
http://sofifa.com/player/171830,Nicolas Spolli ,CB,25,36,78,45,35,45,19,18,45,49,34,54,32,60,32,72,68,54,92,22,73,79,20,25,33,73,79,78,74,8,7,10,10,14
http://sofifa.com/player/14907,Albano Bizzarri ,GK,11,17,10,27,19,18,19,18,26,23,55,45,53,68,51,19,68,31,55,19,40,19,10,49,20,60,12,12,11,74,76,67,79,72
http://sofifa.com/player/172100,Gabriel Penalba ,CM CDM,67,64,66,74,61,77,70,64,75,77,52,55,53,70,54,73,32,75,89,71,76,72,66,74,76,76,66,72,60,7,14,6,7,12
http://sofifa.com/player/200278,Santiago Garcia ,LB,75,49,82,69,40,71,64,46,65,68,68,75,54,69,53,64,72,78,78,49,90,77,62,55,67,74,67,75,77,16,12,16,6,9
http://sofifa.com/player/153175,Juan Martinez ,RW,68,71,61,70,66,80,62,42,67,78,81,78,83,75,75,75,72,74,64,70,40,33,74,66,71,76,31,40,32,8,16,9,14,8
http://sofifa.com/player/142950,Roman Martinez ,CM,64,69,58,80,65,72,74,59,77,74,68,68,68,69,58,75,71,74,75,68,68,59,73,76,41,71,59,70,62,9,10,8,8,15
http://sofifa.com/player/188791,Alberto Costa ,CM,70,59,72,78,65,70,74,78,79,79,66,64,74,74,80,80,60,56,70,76,72,71,68,78,74,73,63,71,66,12,16,7,14,7
http://sofifa.com/player/186745,Matias Perez Garcia ,CAM RM LM,73,59,45,73,55,77,79,80,75,79,84,79,82,74,90,73,34,69,55,68,69,43,67,75,69,76,13,19,24,16,9,15,9,14
http://sofifa.com/player/216706,Franco Mussis ,CDM,60,46,52,72,49,65,63,65,70,72,79,75,77,75,78,76,73,87,79,78,84,79,61,72,51,75,72,70,67,11,14,14,8,14
http://sofifa.com/player/219525,Ezequiel Cerutti ,RM,66,62,64,72,65,77,63,51,65,75,91,88,85,70,74,68,74,76,59,71,73,34,69,70,69,73,18,17,18,10,12,10,14,8
http://sofifa.com/player/162951,Marcos Angeleri ,CB RB,60,37,65,58,42,49,56,47,65,58,67,64,63,78,55,71,82,73,77,41,84,71,40,46,56,79,74,79,77,13,10,7,6,12
http://sofifa.com/player/188042,Matias Suarez ,CAM ST,72,71,62,74,75,74,74,70,68,76,70,68,74,76,72,73,67,47,57,74,33,18,77,75,68,76,14,29,24,9,16,11,13,8
http://sofifa.com/player/152993,Renato Civelli ,CB,53,49,85,58,55,31,37,47,56,58,53,45,34,61,37,58,71,58,90,55,82,71,46,48,58,73,75,76,70,13,6,16,14,10
http://sofifa.com/player/213432,Facundo Ferreyra ,ST,49,76,77,63,63,69,46,40,53,76,70,74,74,76,68,75,73,72,73,75,48,23,74,62,70,63,14,22,23,11,11,8,14,15
http://sofifa.com/player/219576,Rodrigo Battaglia ,CM CDM,49,62,68,74,59,73,60,66,70,74,66,67,59,78,67,78,64,89,82,77,77,80,65,67,57,70,71,78,67,7,7,7,9,9
http://sofifa.com/player/142781,Leandro Romagnoli ,CAM LM RM,66,61,47,79,66,74,75,83,78,81,61,57,71,73,77,74,62,44,59,74,59,49,70,80,82,88,30,30,27,15,15,13,16,10
http://sofifa.com/player/221125,Sebastian Driussi ,ST LM,64,76,72,76,73,72,49,40,64,73,84,83,83,69,69,74,67,82,68,71,48,20,72,68,67,55,15,23,16,11,14,14,14,10
http://sofifa.com/player/216796,Federico Cartabia ,RM LM CAM CM,75,69,53,77,59,81,77,72,63,78,83,75,80,69,83,80,62,62,39,75,80,34,70,69,66,49,26,35,27,8,6,6,16,14
http://sofifa.com/player/153060,Juan Insaurralde ,CB,47,38,77,73,23,39,49,27,56,59,49,49,58,80,46,48,73,62,80,35,79,69,40,57,40,63,78,76,71,11,10,13,6,13
http://sofifa.com/player/215270,Lucas Zelarayan ,CAM CDM,71,64,50,73,69,79,74,73,72,75,78,76,88,69,86,73,79,70,55,65,50,44,69,78,67,61,44,43,35,1,1,1,1,1
http://sofifa.com/player/214763,Paolo Goltz ,CB,55,48,78,65,53,58,73,68,66,62,63,66,54,72,52,70,69,64,83,62,88,72,45,59,66,73,74,74,72,13,14,7,15,7
http://sofifa.com/player/214766,Carlos Izquierdoz ,CB,43,45,77,60,50,36,32,26,55,59,54,51,41,74,53,60,85,75,79,54,74,78,23,33,30,45,73,77,76,8,11,7,8,8
http://sofifa.com/player/167666,Juan Pablo Carrizo ,GK,12,10,12,33,11,13,11,13,32,24,59,48,56,71,60,23,75,31,65,11,25,20,15,59,22,67,14,12,11,77,74,72,73,76
http://sofifa.com/player/224254,Cristian Pavon ,RM ST,62,72,45,76,58,78,71,77,66,74,90,86,90,66,81,75,59,78,45,81,56,19,70,66,59,55,25,28,26,11,10,9,13,7
http://sofifa.com/player/191488,Lucas Orban ,LB CB,72,48,64,67,47,57,74,44,64,67,64,68,64,70,57,67,75,69,74,49,79,74,59,58,61,71,75,80,82,16,9,12,13,15
http://sofifa.com/player/215053,Matias Zaldivia ,CB CDM CM,64,32,70,65,41,60,44,35,65,64,60,55,48,73,54,47,83,77,78,39,70,72,57,60,41,75,75,75,74,8,14,6,8,12
http://sofifa.com/player/215064,Julio Furch ,ST,51,78,78,63,63,67,65,48,57,71,59,64,55,68,48,77,63,74,84,71,71,46,78,62,64,76,24,25,27,11,9,13,8,13
http://sofifa.com/player/186650,Matias Alustiza ,ST,60,76,73,66,75,74,69,66,64,77,79,76,85,71,84,74,84,66,56,72,62,27,73,66,81,69,28,37,36,10,9,8,8,11
http://sofifa.com/player/215330,Joaquin Correa ,CAM LM,73,66,43,76,67,76,69,63,71,77,72,76,72,68,60,74,42,63,67,71,48,31,67,71,57,60,29,37,26,11,10,7,8,8
http://sofifa.com/player/215331,Leonardo Jara ,RB CM,76,41,60,68,52,75,59,40,73,76,75,78,66,70,66,65,70,90,76,74,67,75,68,68,38,59,66,69,73,8,14,13,9,6
http://sofifa.com/player/188197,Lucas Viatri ,ST,47,80,84,62,63,68,57,62,59,69,49,55,34,69,51,76,55,63,89,76,52,43,73,50,64,62,17,23,26,16,8,8,15,9
http://sofifa.com/player/215334,Guido Carrillo ,ST,34,76,76,62,75,70,46,36,57,74,65,65,67,70,63,74,69,72,82,71,72,34,77,59,77,53,32,29,26,10,11,6,9,12
http://sofifa.com/player/172077,Jose Maria Basanta ,CB,51,41,77,62,45,55,55,40,61,61,64,61,40,76,42,67,74,60,75,52,76,76,49,39,47,71,74,73,71,9,10,10,8,14
http://sofifa.com/player/214594,Matias Laba ,CDM CM,52,49,59,75,47,64,69,63,69,73,75,75,69,74,85,74,75,85,64,65,80,70,57,60,57,65,74,74,71,13,14,9,15,14
http://sofifa.com/player/211267,Ricardo Centurion ,LM CAM,68,65,66,63,60,79,68,68,65,77,86,86,87,75,85,65,55,87,46,64,56,40,61,66,67,68,30,45,50,7,6,7,11,8
http://sofifa.com/player/211269,Guillermo Fernandez ,CM CDM,67,62,40,76,48,77,73,80,68,76,76,76,73,75,74,74,63,73,65,82,49,52,65,78,69,63,58,76,66,9,14,6,11,6
http://sofifa.com/player/226377,Gonzalo Martinez ,CAM LM,73,64,32,66,54,82,73,67,64,78,85,83,89,71,83,73,54,62,56,82,34,23,65,65,56,60,27,28,30,6,9,13,12,15
http://sofifa.com/player/158540,Cristian Campestrini ,GK,11,10,13,23,11,12,11,15,12,15,24,26,30,71,50,24,60,38,72,10,45,13,12,38,21,61,10,12,11,76,72,66,72,75
http://sofifa.com/player/152912,Jose Sand ,ST,56,83,81,58,70,58,54,66,44,65,46,32,50,87,52,74,74,33,75,70,72,26,86,57,78,70,26,24,29,11,16,15,9,14
http://sofifa.com/player/142677,Leandro Desabato ,CB,50,37,77,76,61,34,24,59,55,43,34,34,30,70,33,53,33,34,91,26,84,75,25,43,50,77,75,73,71,14,16,6,6,11
http://sofifa.com/player/142938,German Denis ,ST,56,77,81,72,68,58,68,64,44,75,51,42,61,66,66,81,84,55,84,66,50,24,82,54,80,75,18,26,20,14,13,10,5,5
http://sofifa.com/player/48745,Fabricio Coloccini ,CB,53,44,80,68,58,60,58,56,68,61,65,53,56,78,62,60,80,55,73,70,78,75,37,46,58,78,73,72,73,11,16,14,16,6
http://sofifa.com/player/217201,Enrique Triverio ,ST,43,74,76,55,68,69,56,73,40,73,70,74,75,75,59,76,80,76,77,73,44,36,78,59,71,69,24,22,27,8,11,16,9,10
http://sofifa.com/player/212616,Rodrigo De Paul ,LM CAM RW,76,67,43,78,47,81,80,60,71,79,73,69,76,66,69,78,58,63,66,75,56,28,64,70,56,66,38,46,43,13,12,10,7,14
http://sofifa.com/player/214409,Ezequiel Videla ,CM CDM,59,60,51,75,65,69,60,36,77,72,67,64,69,79,73,66,74,81,63,64,76,83,65,67,54,65,75,79,72,16,9,7,12,9
http://sofifa.com/player/203671,Juan Ignacio Gomez ,RW LW,70,69,74,69,69,76,73,54,51,76,85,84,80,70,78,69,88,70,70,60,50,24,76,68,69,70,19,31,25,8,14,6,6,14
http://sofifa.com/player/165788,Leonardo Ulloa ,ST,51,75,84,69,72,68,54,56,63,70,54,54,56,75,57,76,73,68,87,62,74,33,76,61,68,72,27,48,45,13,8,8,16,11
http://sofifa.com/player/215199,Ruben Botta ,RW CM,73,64,38,73,64,80,75,74,73,79,80,77,75,70,77,60,54,70,59,62,55,33,66,78,64,77,31,27,26,8,9,13,8,7
http://sofifa.com/player/183969,Juan Forlin ,CB,61,36,69,65,40,50,51,38,64,69,62,66,63,69,68,60,90,73,71,27,72,78,41,59,51,67,78,73,72,10,6,7,13,8
http://sofifa.com/player/215212,Guillermo Sara ,GK,14,21,23,29,19,20,24,21,23,17,41,44,30,77,53,23,72,30,70,17,23,24,15,46,62,26,13,12,16,74,70,75,69,77
http://sofifa.com/player/226226,Giovani Lo Celso ,CAM,73,55,36,78,69,74,67,72,73,79,76,77,78,64,78,58,57,74,57,59,65,34,66,80,55,57,28,55,48,10,7,10,15,14
http://sofifa.com/player/213433,Fernando Tobio ,CB,59,27,72,64,36,40,39,33,57,55,64,68,43,69,48,40,80,72,83,21,76,72,40,27,36,36,75,73,70,7,8,12,14,11
http://sofifa.com/player/214973,Lucas Villafanez ,CAM CM RM RW,72,69,49,74,66,76,73,70,71,75,80,78,81,70,84,70,59,66,48,64,44,38,70,70,65,62,35,31,29,9,7,11,10,9
http://sofifa.com/player/215998,Ignacio Fernandez ,CM,70,63,57,78,60,74,72,69,73,72,67,70,73,72,65,73,38,85,73,78,69,60,69,77,57,65,49,55,51,7,8,14,10,12
http://sofifa.com/player/198347,Franco Jara ,ST,67,75,70,72,72,75,70,50,65,76,77,78,77,68,66,76,68,70,68,73,60,28,73,65,72,70,30,29,29,13,16,10,9,10
http://sofifa.com/player/200653,Guillermo Burdisso ,CB,41,39,79,59,36,42,50,11,46,58,50,50,48,69,42,67,47,71,87,21,80,71,31,51,48,66,74,76,73,10,14,14,8,8
http://sofifa.com/player/185061,Javier Morales ,CAM CM,74,71,55,81,69,68,79,77,76,73,69,65,75,73,81,77,62,65,63,75,66,52,73,72,72,75,35,39,25,12,16,9,8,15
http://sofifa.com/player/167661,Jesus Mendez ,CM CDM,66,62,65,77,46,72,70,71,71,75,60,65,73,76,68,75,70,77,75,69,80,62,71,73,54,63,67,66,61,12,6,15,6,16
http://sofifa.com/player/143598,Luciano Pocrnjic ,GK,14,12,16,16,11,10,12,13,19,13,28,29,41,78,35,10,32,28,52,10,28,15,11,34,24,34,14,10,10,74,72,64,74,73
http://sofifa.com/player/216816,Giovanni Simeone ,ST RM,39,76,71,56,63,74,49,33,48,75,78,79,75,65,63,73,80,75,73,65,44,23,77,49,71,64,23,24,22,12,15,9,14,11
http://sofifa.com/player/140274,Daniel Diaz ,CB RB,59,30,76,58,48,42,61,69,59,52,41,33,46,63,59,83,71,34,82,55,90,74,45,43,67,84,78,77,64,6,7,9,15,11
http://sofifa.com/player/214770,Diego Gonzalez ,CM,68,63,68,74,42,71,53,41,72,73,66,69,65,73,63,75,67,91,75,73,84,75,67,66,57,69,72,74,71,16,13,7,12,14
http://sofifa.com/player/173300,Sebastian Leto ,CAM ST CF,71,70,67,76,72,76,74,72,72,78,66,68,71,68,45,75,56,57,69,70,56,20,71,72,68,71,20,38,20,15,10,5,9,14
http://sofifa.com/player/215049,Damian Perez ,LB,59,45,60,61,44,72,49,47,58,68,79,82,83,72,86,69,93,91,41,74,75,71,69,42,55,54,70,74,76,14,16,11,10,14
http://sofifa.com/player/223247,Nelson Acevedo ,CDM CM,49,45,70,73,43,66,51,53,70,71,68,70,66,74,64,62,80,88,76,63,72,68,60,62,45,74,72,72,70,6,9,16,6,15
http://sofifa.com/player/223248,Juan Martin Lucero ,ST,58,71,73,68,65,71,58,41,60,71,84,80,84,72,71,71,71,57,68,63,59,25,72,52,71,72,19,24,18,15,8,10,14,6
http://sofifa.com/player/212506,Mauro Matos ,ST,47,74,83,67,65,61,68,53,51,72,56,55,58,73,60,73,90,52,76,73,46,25,81,49,77,70,23,25,27,8,13,16,14,14
http://sofifa.com/player/215069,Rodrigo Rey ,GK,18,18,12,29,15,20,17,17,20,23,44,43,43,61,50,25,58,31,56,13,30,20,12,50,23,42,12,18,13,71,75,69,71,79
http://sofifa.com/player/221219,German Conti ,CB,28,33,76,66,30,35,34,31,35,43,57,74,46,68,46,48,52,62,72,29,70,77,32,29,47,50,71,77,73,14,8,12,16,13
http://sofifa.com/player/157219,Gaston Fernandez ,CAM ST,57,68,68,72,69,73,73,75,68,73,75,73,82,61,74,78,74,58,51,72,56,31,70,75,63,72,30,35,29,6,14,16,10,9
http://sofifa.com/player/188196,Ricardo Noir ,LW RW,69,68,62,71,66,72,71,47,67,71,89,89,78,69,78,72,69,87,66,68,55,57,69,68,59,38,43,37,40,8,10,10,6,12
http://sofifa.com/player/189228,Maximiliano Caire ,RB RM LB,58,28,78,59,33,78,58,41,56,60,87,84,76,62,77,51,86,90,67,38,66,75,53,43,35,44,69,72,77,15,7,13,6,7
http://sofifa.com/player/215089,Enzo Kalinski ,CM,59,45,71,76,49,71,66,58,75,75,76,70,71,64,66,53,88,82,80,55,74,68,69,72,41,66,66,71,68,7,6,14,15,8
http://sofifa.com/player/171828,Ignacio Scocco ,ST,65,71,51,69,79,77,81,73,66,76,78,77,75,72,79,79,70,67,64,77,73,33,74,71,69,72,22,30,27,14,12,14,6,12
http://sofifa.com/player/205630,Luciano Abecasis ,RB,78,33,57,67,48,79,68,39,59,62,84,82,77,77,69,42,70,70,60,37,75,65,43,68,47,58,75,69,72,9,11,12,6,15
http://sofifa.com/player/186695,Ezequiel Munoz ,CB,30,19,73,58,18,38,29,30,55,53,55,55,53,65,50,57,82,68,79,31,78,69,21,29,21,62,75,76,75,11,11,7,11,12
http://sofifa.com/player/206152,Luciano Aued ,CM CDM,69,52,57,74,59,73,65,66,77,75,58,56,61,73,60,65,56,77,74,63,60,68,69,71,67,57,61,65,60,8,6,15,7,7
http://sofifa.com/player/206154,Hector Canteros ,CDM CM,68,62,59,72,57,69,79,80,71,74,66,70,67,68,72,81,67,81,70,73,73,70,74,77,69,68,66,74,69,7,9,13,13,10
http://sofifa.com/player/226379,Marcos Diaz ,GK,17,11,15,24,11,13,13,15,21,16,37,39,30,71,35,25,53,35,72,13,43,18,14,38,23,23,13,21,22,70,68,64,78,76
http://sofifa.com/player/142670,Rodrigo Brana ,CM,61,49,61,73,62,76,58,59,81,71,53,54,70,77,71,73,75,54,47,66,79,71,58,73,50,81,68,76,69,15,8,9,8,14
http://sofifa.com/player/142942,Javier Gandolfi ,CB,44,34,71,61,50,45,58,64,65,56,67,50,63,62,56,67,82,59,82,40,86,71,26,62,58,70,73,74,72,12,15,12,16,13
http://sofifa.com/player/203872,Gabriel Hauche ,ST LM,73,70,58,70,61,77,67,73,64,77,90,89,85,74,78,73,77,73,61,67,82,21,71,69,77,73,32,46,33,11,11,11,11,11
http://sofifa.com/player/215144,Emanuel Insua ,LB,62,55,67,68,30,68,33,42,65,69,79,79,69,72,69,72,76,82,73,63,82,68,63,60,41,65,70,73,75,8,11,7,14,8
http://sofifa.com/player/221551,Emanuel Mammana ,CB,45,28,63,74,36,64,36,34,75,71,74,78,66,67,61,40,70,61,70,25,67,73,46,33,62,54,76,74,75,6,11,12,14,8
http://sofifa.com/player/226419,Fabian Sambueza ,CAM RM,79,72,37,76,49,71,67,66,70,69,79,81,90,62,89,63,48,71,35,53,55,28,66,79,65,71,35,34,44,13,16,16,13,12
http://sofifa.com/player/162932,Pablo Barrientos ,LM CAM,75,63,63,73,71,80,83,77,77,81,64,63,77,71,79,74,55,55,57,76,65,37,67,77,75,79,27,31,31,6,14,14,9,9
http://sofifa.com/player/192373,Milton Caraglio ,ST,64,74,75,65,73,70,55,47,55,72,65,55,63,70,55,78,65,63,82,71,70,25,74,58,75,75,22,19,18,14,10,6,8,12
http://sofifa.com/player/223099,Diego Churin ,ST LW,32,79,76,65,70,64,37,33,60,65,72,76,56,70,51,77,65,73,79,54,34,17,73,42,74,65,15,26,13,15,11,15,8,9
http://sofifa.com/player/216700,Maximiliano Meza ,RM LM,72,68,73,68,62,80,81,79,64,77,77,81,77,67,75,74,80,72,59,79,73,27,60,70,50,59,29,33,32,9,9,16,12,11
http://sofifa.com/player/191104,Juan Mercier ,CDM,66,54,60,73,65,69,70,66,75,71,67,54,64,77,64,70,81,34,77,66,79,74,65,74,63,61,74,75,71,14,11,12,10,15
http://sofifa.com/player/178566,Javier Garcia ,GK,11,11,12,13,14,11,13,13,12,15,35,35,38,65,43,12,63,31,41,14,17,24,10,53,19,22,14,14,11,79,67,75,67,79
http://sofifa.com/player/165787,Jorge Ortiz ,CM CDM,67,55,64,75,68,69,67,65,76,75,73,72,68,68,71,77,77,75,63,68,77,72,68,73,66,69,68,72,52,9,16,6,9,9
http://sofifa.com/player/215202,Lucas Janson ,LM ST,57,77,58,69,61,78,52,48,58,77,73,74,83,71,82,60,80,69,43,69,63,27,79,74,54,59,27,24,26,12,12,8,9,15
http://sofifa.com/player/190629,Daniel Villalva ,LM ST CF,62,68,63,70,73,78,71,63,55,75,91,87,92,68,96,72,86,72,29,72,43,49,69,69,63,77,19,23,22,7,7,8,7,16
http://sofifa.com/player/206005,Denis Stracqualursi ,ST,48,76,75,63,68,59,38,35,41,72,61,66,52,63,44,80,74,69,83,69,47,32,76,44,63,77,38,37,31,7,7,12,15,11
http://sofifa.com/player/221627,Hernan Hechalar ,CAM RM,66,71,62,71,64,72,68,64,59,76,79,79,85,74,76,70,64,81,60,65,39,43,73,70,65,68,20,21,19,14,11,16,14,14
http://sofifa.com/player/220609,Valentin Vada ,CM,74,61,55,77,58,73,73,73,71,76,70,66,79,76,77,66,58,73,67,60,62,65,71,75,58,65,65,60,55,8,13,15,16,6
http://sofifa.com/player/189889,Ezequiel Luna ,CB,45,31,69,65,18,46,27,33,51,50,54,54,32,65,60,56,81,64,81,32,81,69,35,35,33,53,77,75,73,12,6,6,12,8
http://sofifa.com/player/214987,German Voboril ,LB,64,34,54,66,29,66,55,21,61,67,77,76,64,65,65,26,71,74,70,29,71,79,21,41,37,52,61,77,83,9,11,13,8,12
http://sofifa.com/player/142800,Maximiliano Velazquez ,LB,79,53,64,77,62,65,74,74,73,73,68,68,62,80,68,77,75,61,66,69,78,73,55,68,60,69,77,73,70,12,12,16,8,11
http://sofifa.com/player/216019,Damian Musto ,CDM,54,34,68,76,32,64,35,55,78,64,54,54,56,73,54,70,65,80,77,69,78,69,59,59,36,39,68,75,68,11,14,9,14,9
http://sofifa.com/player/231128,Hernan Toledo ,LM,59,68,56,66,65,79,72,62,65,78,82,85,73,68,74,68,74,75,75,73,55,60,61,71,58,58,44,46,47,15,14,7,7,10
http://sofifa.com/player/222429,Andres Cubas ,CDM,58,35,55,78,33,65,43,40,73,70,73,73,91,69,88,59,75,78,32,57,74,78,51,60,51,62,70,79,73,9,12,11,13,7
http://sofifa.com/player/201953,Juan Sanchez Mino ,LM CM,76,68,60,74,64,73,75,75,75,71,79,77,73,68,69,76,70,70,67,76,64,69,66,71,69,69,41,47,40,12,13,11,14,9
http://sofifa.com/player/216033,Jorge Broun ,GK,14,17,16,24,17,15,14,12,22,16,41,45,30,73,44,22,68,30,79,18,18,17,18,38,23,27,20,14,19,70,65,69,76,78
http://sofifa.com/player/167665,Nicolas Domingo ,CDM,55,50,55,72,57,66,58,46,75,70,64,69,78,74,72,62,71,80,69,68,68,78,55,67,65,57,66,71,67,7,16,14,10,15
http://sofifa.com/player/198386,Sebastian Dubarbier ,LB LWB,75,56,55,66,57,75,72,65,61,71,79,79,70,71,68,67,81,89,74,61,90,73,63,62,59,48,57,75,70,9,11,9,16,8
http://sofifa.com/player/216055,Federico Carrizo ,LW LM,66,62,52,75,62,76,69,70,76,76,90,89,81,68,80,73,69,72,55,65,55,58,68,70,69,71,24,31,27,8,6,7,9,7
http://sofifa.com/player/213253,Hernan Grana ,RB,67,43,53,61,40,68,55,45,57,66,79,82,79,68,74,66,73,86,69,69,77,69,65,55,56,57,69,73,74,15,6,11,14,7
http://sofifa.com/player/215050,Diego Braghieri ,CB,28,35,73,57,37,50,39,32,50,55,67,64,45,66,54,75,64,53,79,62,81,69,32,44,48,67,74,72,73,7,9,14,6,7
http://sofifa.com/player/167435,Oscar Ustari ,GK,15,14,14,23,13,13,14,15,22,29,56,62,60,70,64,17,81,37,80,14,38,28,15,59,18,51,12,12,13,77,68,79,65,73
http://sofifa.com/player/143119,Mariano Pavone ,ST,50,76,76,64,70,57,52,64,50,70,63,53,51,66,75,76,81,71,85,80,77,22,75,56,74,77,22,27,21,8,12,12,15,14
http://sofifa.com/player/215059,Martin Rolle ,CAM,70,61,43,67,55,77,85,81,66,78,72,68,90,72,90,68,77,68,40,68,58,28,69,70,63,72,25,33,32,13,10,7,12,14
http://sofifa.com/player/215322,Jonathan Silva ,LB,73,44,55,72,52,70,70,70,63,71,79,78,74,69,74,79,68,79,59,69,70,70,68,60,55,63,71,67,68,15,6,9,13,10
http://sofifa.com/player/220715,Ezequiel Ponce ,ST LW,59,77,69,55,59,75,68,57,47,69,79,77,75,69,76,76,78,38,67,64,33,24,67,54,66,59,23,23,24,12,16,7,7,6
http://sofifa.com/player/204337,Gervasio Nunez ,LM CAM,67,64,37,70,59,75,69,66,68,70,76,79,78,70,59,73,72,74,76,62,42,48,68,68,71,69,29,38,34,10,6,16,8,9
http://sofifa.com/player/139058,Omar Perez ,CAM,72,59,59,76,75,69,78,79,75,77,40,41,57,73,67,76,31,30,76,74,58,56,70,81,63,81,46,49,48,10,16,15,7,13
http://sofifa.com/player/184626,Nicolas Sanchez ,CB,57,40,74,58,22,55,57,46,61,56,51,64,55,69,49,20,88,71,81,20,72,68,28,45,56,69,72,73,71,9,8,16,14,6
http://sofifa.com/player/49212,Julian Speroni ,GK,13,13,11,24,12,12,15,12,23,14,42,43,48,68,55,20,74,33,43,12,21,17,8,34,22,35,12,12,15,75,70,67,69,74
http://sofifa.com/player/215358,Marcelo Meli ,CM,62,57,64,70,55,69,59,40,65,70,80,78,80,75,79,71,67,92,60,60,78,74,67,72,49,63,68,70,69,8,16,11,7,10
http://sofifa.com/player/234816,Nicolas Gorosito ,CB,58,45,74,67,41,49,45,58,62,61,67,71,59,59,52,66,76,78,77,48,81,66,55,54,53,69,72,71,74,5,12,11,10,12
http://sofifa.com/player/158790,Luis Gonzalo Bustamante ,CAM,65,66,43,78,70,71,49,57,76,71,76,72,79,63,80,71,72,63,54,67,56,24,60,76,53,65,35,37,32,8,10,9,16,6
http://sofifa.com/player/215111,Gonzalo Veron ,LM RM ST,66,62,54,67,71,75,45,66,64,70,92,90,78,68,72,69,62,74,66,63,50,33,66,66,61,63,30,37,31,15,7,9,7,7
http://sofifa.com/player/153164,Alejandro Faurlin ,CDM CM,62,54,71,77,60,59,63,67,77,70,47,50,58,80,56,66,73,59,80,65,80,67,54,75,49,80,59,69,70,6,12,10,11,15
http://sofifa.com/player/226385,Cristian Omar Espinoza ,RM ST,74,65,46,67,58,78,52,61,58,73,80,79,83,66,76,65,61,66,49,67,34,30,65,74,54,62,22,28,24,16,8,12,7,8
http://sofifa.com/player/172113,Matias Fritzler ,CDM,39,39,58,69,45,57,59,44,64,63,54,49,65,68,61,66,84,69,62,54,74,83,59,66,51,56,58,82,76,7,8,14,11,11
http://sofifa.com/player/202069,Jose Luis Fernandez ,LM,69,62,60,70,52,71,69,68,69,70,82,81,80,69,82,74,78,80,45,74,68,70,66,71,55,69,44,47,51,10,13,9,15,9
http://sofifa.com/player/210788,Nicolas Martinez ,RM CAM LM,66,60,45,73,61,76,81,73,70,74,79,74,75,63,79,62,46,63,56,69,51,49,67,72,68,64,30,33,35,13,16,11,8,9
http://sofifa.com/player/184422,Luis Ardente ,GK,13,12,11,16,10,11,15,16,23,13,25,21,20,62,16,20,26,14,69,12,18,10,10,50,66,26,14,13,12,70,72,82,70,75
http://sofifa.com/player/210281,Cristian Pellerano ,CM CDM,51,65,68,74,67,65,71,67,72,69,61,62,60,68,66,73,75,82,81,73,81,78,67,68,65,73,70,70,69,10,10,6,7,7
http://sofifa.com/player/224367,German Lanaro ,CB,29,15,72,69,24,40,25,24,69,56,52,53,53,63,44,61,82,77,85,55,78,59,22,35,40,43,74,74,71,10,11,10,14,6
http://sofifa.com/player/192370,Mauro Formica ,CAM,66,66,65,63,65,76,63,59,67,72,79,77,75,66,76,72,73,62,56,73,52,33,69,74,66,58,23,24,29,14,14,9,13,14
http://sofifa.com/player/192371,Fabian Rinaudo ,CDM CM,60,49,64,69,60,74,54,53,71,66,76,69,72,74,74,77,76,76,68,72,83,74,60,64,52,78,65,72,79,15,12,15,15,9
http://sofifa.com/player/229749,Alexander Barboza ,CB,33,24,80,73,17,48,22,23,42,57,49,50,43,56,42,35,51,57,81,29,58,62,25,31,41,36,72,81,73,11,11,10,7,12
http://sofifa.com/player/193141,Ivan Pillud ,RB,63,34,61,64,53,63,71,64,64,64,83,85,62,70,64,74,78,88,75,59,74,64,63,58,70,70,68,70,71,16,14,7,11,7
http://sofifa.com/player/225659,Guido Rodriguez ,CDM CM,59,41,65,72,47,59,49,42,71,67,59,61,53,62,57,59,48,72,78,45,83,72,50,59,53,50,67,75,69,12,11,14,16,6
http://sofifa.com/player/158088,Pablo Alvarez ,LB CB RB,59,43,62,76,43,59,66,53,62,64,68,69,64,75,74,70,75,74,80,59,81,73,52,51,49,72,76,74,71,6,7,6,11,16
http://sofifa.com/player/215177,Francisco Cerro ,CM,66,46,59,77,56,68,59,57,74,72,74,76,66,73,65,73,74,85,77,61,78,73,62,66,53,66,72,73,72,6,15,11,11,14
http://sofifa.com/player/214671,Rodrigo Gomez ,LM RM,69,65,52,68,57,73,76,76,67,71,87,86,89,67,87,77,59,85,40,78,68,55,58,58,67,52,47,46,46,14,15,10,15,7
http://sofifa.com/player/219553,Claudio Aquino ,RM CAM,68,70,58,70,66,71,64,36,67,72,79,78,81,66,78,70,72,81,70,68,45,49,68,71,67,61,35,29,26,10,15,16,15,10
http://sofifa.com/player/152997,Dario Cvitanich ,ST,62,70,72,68,68,71,67,66,66,72,71,70,72,71,75,68,80,49,69,68,70,31,76,71,76,72,29,28,33,15,12,15,12,11
http://sofifa.com/player/142762,Jonathan Bottinelli ,CB,50,35,75,68,40,49,43,38,51,58,42,49,36,76,68,52,79,60,73,27,81,71,17,41,41,72,73,72,64,7,11,6,6,14
http://sofifa.com/player/214965,Claudio Riano ,ST,57,69,77,67,73,70,55,34,63,71,79,79,75,68,74,73,58,70,74,67,44,16,68,66,70,58,19,16,15,11,13,10,13,11
http://sofifa.com/player/143032,Ismael Blanco ,ST,63,74,76,67,72,72,66,57,64,73,54,55,72,73,70,74,81,66,56,65,56,42,74,57,80,62,42,34,39,11,9,6,8,6
http://sofifa.com/player/165561,Cristian Villagra ,LB,70,49,55,72,43,68,56,39,69,66,80,79,70,71,72,73,60,76,67,57,80,70,55,61,56,69,69,71,73,14,10,6,7,10
http://sofifa.com/player/173245,Ramon Fernandez ,CAM,62,60,53,72,71,72,75,77,72,74,78,68,72,64,76,73,69,72,64,72,75,59,67,75,70,66,51,55,59,14,14,11,10,9
http://sofifa.com/player/219841,Jorge Figal ,CB,53,38,69,62,25,60,42,28,61,65,74,73,73,78,65,57,76,71,70,42,68,74,30,32,33,73,70,76,70,7,11,7,16,9
http://sofifa.com/player/171975,Gonzalo Bergessio ,ST,60,72,69,66,63,66,62,56,50,69,67,67,69,78,68,74,78,55,79,61,85,25,75,65,68,74,26,29,30,6,8,9,8,6
http://sofifa.com/player/214989,Martin Benitez ,LW RW,58,69,55,75,55,81,43,42,74,73,81,76,76,67,76,63,62,64,59,68,30,18,70,70,66,65,14,23,23,7,9,15,9,12
http://sofifa.com/player/224461,Walter Montoya ,RM,66,54,46,64,48,78,65,52,65,69,85,81,77,66,80,62,61,74,56,77,53,28,68,74,51,60,41,40,38,9,10,12,15,13
http://sofifa.com/player/214993,Pablo Alvarado ,CB,56,31,72,58,28,56,27,34,55,61,54,69,66,69,58,45,84,70,74,34,67,70,43,34,40,39,72,73,72,14,6,14,7,11
http://sofifa.com/player/123603,Hugo Campagnaro ,CB RB,58,28,68,56,29,60,37,35,56,60,55,65,53,64,66,71,83,55,83,36,70,72,38,44,38,78,74,72,72,10,13,15,12,15
http://sofifa.com/player/199387,Pablo Chavarria ,ST RM,68,74,68,72,61,71,57,58,62,71,74,76,75,70,70,72,80,75,72,62,68,28,72,70,61,64,23,37,48,9,15,11,13,7
http://sofifa.com/player/220128,Jonatan Cristaldo ,ST,59,72,68,66,73,72,63,48,51,74,78,76,78,72,75,75,55,72,63,70,65,34,70,59,65,69,21,23,21,13,13,16,12,9
http://sofifa.com/player/215266,Lucas Melano ,RW LW,66,69,64,68,70,73,68,35,60,73,89,89,73,71,62,72,65,84,73,68,55,24,68,66,56,68,26,29,28,13,15,16,7,9
http://sofifa.com/player/216036,Rafael Delgado ,LB,80,42,76,69,21,76,68,70,69,69,70,72,60,70,68,78,75,77,70,74,75,68,68,70,63,66,65,68,69,9,13,7,14,11
http://sofifa.com/player/193510,Diego Novaretti ,CB,34,26,73,62,15,32,46,39,62,50,51,49,38,55,34,31,36,62,90,26,70,77,13,42,30,62,72,76,70,6,11,7,12,11
http://sofifa.com/player/219879,Matias Pisano ,RM CAM,65,65,43,70,48,72,72,66,67,70,78,77,81,80,79,69,60,72,32,71,43,36,66,71,49,68,29,37,34,7,10,7,13,8
http://sofifa.com/player/153066,Lucas Licht ,LB,80,52,53,52,48,76,73,68,71,69,82,81,73,66,77,71,76,71,58,68,65,67,53,64,83,74,75,73,71,8,14,6,15,8
http://sofifa.com/player/218621,Facundo Sanchez ,RB,62,56,57,64,51,72,51,40,59,71,93,89,75,78,73,67,55,84,61,64,72,62,56,60,62,66,68,70,69,12,7,15,6,14
http://sofifa.com/player/143102,Diego Colotto ,CB,45,48,79,54,57,57,33,53,66,60,53,51,57,69,54,69,74,55,74,56,73,74,46,43,55,70,75,72,68,16,16,8,7,11
http://sofifa.com/player/142592,Israel Damonte ,CDM,67,56,65,74,52,70,55,61,72,72,69,54,68,67,69,62,55,56,66,57,78,70,64,69,60,65,69,69,67,12,15,13,9,16
http://sofifa.com/player/215309,Lucas Albertengo ,ST,63,70,66,71,71,70,59,37,63,70,73,76,75,70,68,70,60,70,65,70,66,23,73,69,69,69,15,21,23,6,13,13,13,15
http://sofifa.com/player/223245,Brian Fernandez ,ST,62,66,62,68,64,77,71,67,64,76,87,88,90,70,89,75,82,69,54,70,37,19,68,64,52,58,19,24,21,9,10,16,7,13
http://sofifa.com/player/219167,Sergio Vittor ,CB,59,49,71,73,55,66,48,41,70,65,55,51,52,66,41,75,49,72,85,67,72,65,61,51,62,61,71,71,67,9,13,14,9,16
http://sofifa.com/player/159520,Nereo Fernandez ,GK,20,22,23,15,22,19,15,19,22,15,42,44,58,61,48,23,58,37,78,10,36,28,12,27,24,60,13,15,13,66,71,62,78,70
http://sofifa.com/player/215332,Carlos Auzqui ,LM ST,67,69,70,68,69,70,60,68,67,65,83,82,72,68,71,77,77,72,60,72,71,42,69,66,59,55,32,30,33,8,7,10,14,15
http://sofifa.com/player/207657,Fernando Barrientos ,CM,73,42,49,73,42,70,63,58,74,71,69,67,74,67,76,76,71,79,59,74,61,64,63,70,50,63,56,69,61,8,10,9,9,8
http://sofifa.com/player/199726,Marco Torsiglieri ,CB,59,39,74,58,47,45,61,55,64,51,34,35,41,64,34,58,46,59,91,35,76,70,40,54,61,63,72,70,71,9,14,10,14,10
http://sofifa.com/player/232244,Santiago Ascacibar ,CDM,46,37,55,71,36,57,46,41,62,55,74,68,74,63,87,51,92,92,46,63,64,83,28,59,48,57,65,78,80,6,10,5,14,9
http://sofifa.com/player/225591,Leonardo Suarez ,CAM,61,68,54,69,59,81,76,60,58,73,78,70,88,58,91,56,74,53,40,70,36,15,55,75,62,48,19,22,11,11,14,6,15,7
http://sofifa.com/player/224057,Agustin Farias ,CDM CM,47,49,50,68,45,60,54,44,64,66,55,59,60,68,61,58,70,80,73,54,82,73,45,60,59,58,69,74,69,10,15,11,16,15
http://sofifa.com/player/207679,Facundo Pereyra ,ST RM,65,73,63,68,64,73,70,69,67,74,76,80,79,73,83,74,69,70,43,68,58,26,70,71,62,69,27,26,39,11,8,15,13,12
http://sofifa.com/player/211265,Ariel Rojas ,CM LB LW,72,66,62,73,71,68,70,65,70,71,66,69,65,71,68,74,70,72,70,73,68,65,70,69,66,68,61,64,57,6,10,14,9,8
http://sofifa.com/player/218433,Federico Vega ,RB,72,34,48,66,44,59,59,41,59,68,77,78,71,64,71,59,69,83,76,47,74,68,59,57,44,66,66,67,72,13,10,7,11,12
